ACCx angle,ACCy angle,GRYx Angle,GRYy Angle,GRYz Angle,CFangleX Angle,CFangleY Angle,kalmanX,kalmanY
24.77514230907593,-87.0585334513944,0.00011256000000000002,0.0004221,-8.442000000000001e-05,14.865130409445559,-52.234951230836636,0.039886850776944774,-0.1393439567074566
14.036245116907935,-87.30571415755003,0.0003486,0.0008941800000000001,-0.00028112000000000005,14.367893649922985,-73.27722015486466,0.09384877858114915,-0.4734728406718804
23.19859224049415,-86.82016832341557,0.00044436000000000003,0.0010857000000000002,-0.0004726400000000001,19.666351108265687,-81.4029124479952,0.21361871571925406,-0.9205286798314221
26.565052932533206,-86.83271118223448,0.0006484800000000001,0.0013578600000000002,-0.0006314000000000001,23.805653850826197,-84.66068282453877,0.3833664913080238,-1.4730167367100342
24.77514230907593,-87.07009380479403,0.0007590800000000001,0.0016675400000000003,-0.0006535200000000001,24.387391165776037,-86.10620554069192,0.5698096035203581,-2.126601572763644
23.19859224049415,-86.83271118223448,0.0009349200000000001,0.0019093200000000004,-0.0008073800000000001,23.674182146606906,-86.54201221361745,0.7694964732686724,-2.873195491316322
18.434950509285045,-86.64665794748734,0.0010873100000000002,0.0021052500000000004,-0.0009380000000000001,20.53070412021379,-86.60472128193939,0.9456050102796054,-3.7074313883274934
24.77514230907593,-87.07009380479403,0.0012175100000000002,0.0023656500000000004,-0.0010248000000000002,23.077419113531075,-86.88384063565218,1.2096813820502894,-4.630539514617257
26.565052932533206,-86.83271118223448,0.0013689200000000002,0.0026035800000000003,-0.0011978400000000001,25.170059968932353,-86.85306779160155,1.5182216563934532,-5.630107854653653
21.8014112013241,-86.6203146582587,0.0016022300000000003,0.0027732600000000005,-0.00134631,23.148964032367402,-86.71334803959584,1.7861537930127964,-6.698866602133808
29.744883079420646,-86.82016832341557,0.0017482500000000002,0.0030027200000000004,-0.00142975,27.106573868599348,-86.77734842588768,2.1829223893240206,-7.83524727717746
33.690069341985634,-87.28444722399323,0.0019190500000000003,0.0031521700000000006,-0.00160055,31.05673947263112,-87.08154792475102,2.661127462155093,-9.040529714674035
26.565052932533206,-86.83271118223448,0.0020142500000000004,0.0033425700000000004,-0.0016719500000000002,28.36176562857237,-86.9321697192411,3.049981685212406,-10.305512557015422
23.19859224049415,-86.83271118223448,0.0022494500000000005,0.0036953700000000003,-0.0016719500000000002,25.26395567572544,-86.87235347703712,3.3988403243332215,-11.629301108035548
29.744883079420646,-86.83271118223448,0.0024077200000000003,0.0038988600000000005,-0.0017850000000000001,27.952575425942563,-86.84848670415553,3.87995201710597,-13.001966191557582
39.80557296024253,-87.30571415755003,0.0026222000000000003,0.00424739,-0.0018386200000000002,35.064459738522544,-87.12268376419223,4.577242027007988,-14.443371004133725
24.77514230907593,-87.0585334513944,0.0028406000000000004,0.00453131,-0.0018604600000000002,28.890956640854576,-87.08408000851352,4.986131616975789,-15.912356612480178
28.30075753621216,-87.07009380479403,0.0030422000000000005,0.00473291,-0.0018156600000000002,28.536917818069128,-87.07560764628182,5.4773463235427915,-17.41077578425024
26.565052932533206,-87.29512246158046,0.0031605000000000005,0.00506415,-0.00195762,27.353846206747576,-87.20718403946101,5.939729540547945,-18.94239940213652
26.565052932533206,-86.83271118223448,0.0033133800000000008,0.0053262299999999995,-0.0019139400000000003,26.880631394218952,-86.9823954931251,6.406929794688645,-20.479487668881145
24.77514230907593,-87.07009380479403,0.0034869800000000006,0.0055866299999999995,-0.0020224400000000003,25.61740738313314,-87.03491032012644,6.835581583143559,-22.032617426856316
24.77514230907593,-87.07009380479403,0.0036457400000000006,0.00588147,-0.0021812000000000003,25.112111842698816,-87.055902474927,7.266853696992714,-23.595287098138623
24.77514230907593,-87.07009380479403,0.0038599400000000005,0.00604807,-0.0023002000000000005,24.910015802525088,-87.06435063284721,7.70061832587419,-25.166943768398653
17.35402631343834,-86.45131646624071,0.00406966,0.0063776300000000005,-0.0023301600000000004,20.37650599707304,-86.69639830888332,7.94980417340099,-26.74727275895437
17.102730644093782,-87.07009380479403,0.00420448,0.006557390000000001,-0.0023751,18.412294713285483,-86.92054370242974,8.191227605097883,-28.337344393501724
23.19859224049415,-86.83271118223448,0.0043309,0.0068102300000000004,-0.0024804500000000004,21.284123797610683,-86.86774305431257,8.593949745670557,-29.906339908027984
19.653825754774743,-86.84515557870017,0.004519270000000001,0.00704046,-0.0026269600000000002,20.306020319909116,-86.85409847694513,8.895613262776994,-31.458205844500057
23.19859224049415,-86.83271118223448,0.004729270000000001,0.00727146,-0.0027319600000000003,22.041647472260138,-86.84117370011873,9.291601217599402,-32.99027243957505
25.01689522039848,-86.59355468635923,0.004854010000000001,0.007604100000000001,-0.0028774900000000003,23.826846017143144,-86.69246923586303,9.732815764576607,-34.493517301347815
26.565052932533206,-86.83271118223448,0.005064710000000001,0.007730520000000001,-0.0030039100000000003,25.46985444637718,-86.77656383568589,10.211434148067543,-35.98100373226958
23.19859224049415,-86.84515557870017,0.005213180000000001,0.00798504,-0.0030463300000000003,24.10715651084736,-86.81761707349446,10.585369060122762,-37.44470615961592
19.44003652308075,-86.12532523380966,0.005422480000000001,0.00821527,-0.0030463300000000003,21.306968238187395,-86.40214987768357,10.843288273471678,-38.8613357243316
23.62937946116375,-86.32339655226914,0.005568500000000001,0.00846559,-0.0030463300000000003,22.70047337997321,-86.35479775443491,11.219419966613884,-40.25677019077179
33.690069341985634,-87.29512246158046,0.005776400000000002,0.00867349,-0.0031294900000000004,29.29431411718066,-86.91890941872224,11.886684049333304,-41.65294746285852
28.30075753621216,-87.04688159171926,0.005985000000000002,0.00888209,-0.0031920700000000004,28.69826360859956,-86.99560928252045,12.378538453920836,-43.012433941733654
24.77514230907593,-87.0585334513944,0.006137390000000001,0.00918687,-0.0033009200000000006,26.344451784885386,-87.03324187184482,12.75372445489119,-44.344678361192
23.19859224049415,-86.88190944175918,0.0063497000000000015,0.00937559,-0.0033716900000000005,24.457020982250647,-86.94236692579344,13.073890982633499,-45.647550356317936
23.19859224049415,-86.83271118223448,0.006458900000000002,0.00965951,-0.0034808900000000004,23.70200741719675,-86.87645991165806,13.38681259162667,-46.919743609219466
24.77514230907593,-87.07009380479403,0.006546540000000002,0.00998816,-0.0035685300000000003,24.34592340832426,-86.99250878753963,13.741609625821221,-48.16998754808234
23.19859224049415,-86.83271118223448,0.006712650000000001,0.010320379999999999,-0.0036159900000000003,23.657591151626193,-86.89649733635653,14.039474907779079,-49.38676186085572
17.102730644093782,-87.08156372471964,0.006847470000000001,0.010590019999999999,-0.0036159900000000003,19.724728775106747,-87.00742931337439,14.136786432523449,-50.5823472278501
24.77514230907593,-87.08156372471964,0.007040250000000001,0.01082564,-0.00363741,22.75505400748826,-87.05181571218154,14.476309810265999,-51.74635248732356
21.8014112013241,-86.59355468635923,0.007226100000000002,0.01103214,-0.0037406600000000003,22.182942663789763,-86.77677649668814,14.71102820994624,-52.86190516346317
21.8014112013241,-86.6069873723794,0.0073941000000000015,0.011200139999999999,-0.0038456600000000003,21.954090986310366,-86.67483582210289,14.939150247899184,-53.94666284068963
24.77514230907593,-87.07009380479403,0.007601860000000002,0.011433869999999999,-0.00402745,23.646804883969704,-86.91189711971757,15.259414956754028,-55.02427557201739
21.8014112013241,-86.6069873723794,0.007764050000000002,0.011711909999999999,-0.00407379,22.53963355038234,-86.72884005531466,15.473854489810622,-56.058494567278665
36.02737522097263,-87.52023465741209,0.007946050000000003,0.01200766,-0.00405104,30.632351352736514,-87.20355851657311,16.15092486065719,-57.094349624826016
24.77514230907593,-87.0585334513944,0.008123010000000003,0.01225098,-0.004117399999999999,27.118096710540165,-87.11644614946589,16.436269596684784,-58.08492847190429
19.653825754774743,-86.84515557870017,0.008402310000000003,0.01250235,-0.00442463,22.63964585708091,-86.95357125900645,16.54433372306134,-59.048195468907686
19.653825754774743,-86.84515557870017,0.008616510000000003,0.01271655,-0.0045317299999999994,20.84823947569721,-86.88843617082267,16.648896498965648,-59.9808562535292
25.01689522039848,-86.58001534637779,0.008783390000000002,0.01294601,-0.004636029999999999,23.349499674517972,-86.70329189215573,16.930096392811524,-60.87396618943543
19.653825754774743,-86.84515557870017,0.008993390000000002,0.01313501,-0.0047620299999999996,21.132179322672034,-86.7883345040824,17.021860437357223,-61.7468228792951
23.19859224049415,-86.83271118223448,0.009118130000000002,0.013322120000000002,-0.0048243999999999995,22.372076969365303,-86.81488566697365,17.22972420406492,-62.59036009676639
23.19859224049415,-86.84515557870017,0.009268070000000002,0.013579160000000002,-0.00491008,22.868046108042613,-86.83294479800956,17.430919413837092,-63.40708925693257
33.690069341985634,-87.30571415755003,0.009476600000000002,0.013787690000000002,-0.00511861,29.361343460408424,-87.11652300173384,17.981053458212404,-64.21521475511469
24.77514230907593,-87.07009380479403,0.009718100000000002,0.014005040000000002,-0.00516691,26.609719369608932,-87.08857854356995,18.21232714934662,-64.99221049157065
21.037512733902247,-87.07009380479403,0.009944200000000002,0.01425375,-0.00525735,23.26648582818492,-87.0773882163044,18.30887052995835,-65.74470863752956
23.19859224049415,-86.83271118223448,0.010117240000000001,0.014534940000000001,-0.00532224,23.22581889157046,-86.93046951986244,18.47590008913134,-66.46406663672322
24.77514230907593,-87.04688159171926,0.010223290000000001,0.014725830000000002,-0.0054494999999999995,24.15545536207374,-87.00024040697653,18.691001908352902,-67.16639504791353
26.565052932533206,-86.83271118223448,0.010329340000000001,0.014916720000000003,-0.005555549999999999,25.60125632434942,-86.8996465161313,18.959896767773095,-67.83755217185995
28.30075753621216,-87.0585334513944,0.01052338,0.015175440000000004,-0.005663349999999999,27.221034667467066,-86.99487518928916,19.279170717742936,-68.49390027710508
24.77514230907593,-87.0585334513944,0.01078364,0.015483020000000004,-0.005781649999999999,25.753603356432386,-87.0329471145523,19.467904685749662,-69.13027206848953
21.037512733902247,-87.0585334513944,0.01099721,0.015672860000000004,-0.005829109999999999,22.924034410914302,-87.04822298065756,19.52214429168021,-69.7472437000687
28.30075753621216,-87.0585334513944,0.01122821,0.015950060000000002,-0.00589841,26.150160686093017,-87.05429838309966,19.82531627499505,-70.34439108949421
31.607504044556435,-87.07009380479403,0.01139677,0.01618183,-0.00598269,29.424634125171067,-87.06368292811628,20.23175640539558,-70.92091401160182
21.037512733902247,-87.07009380479403,0.01154083,0.016428790000000002,-0.00604443,24.392418914409774,-87.06743067012292,20.259640602022404,-71.47670750023056
23.19859224049415,-86.83271118223448,0.01173046,0.01666056,-0.00612871,23.6761987620604,-86.92650626938985,20.36095073652126,-72.004867281144
24.77514230907593,-87.0585334513944,0.01192072,0.0168931,-0.00629783,24.33564099426972,-87.00562956259257,20.512947561349065,-72.52236954677426
24.77514230907593,-87.0585334513944,0.01211161,0.01706278,-0.00636146,24.59941813915345,-87.03730402387367,20.659666496843442,-73.02196055052322
26.565052932533206,-86.83271118223448,0.01234877,0.01736462,-0.006447700000000001,25.778893879181304,-86.91442758289014,20.862966243636055,-73.49658792905535
36.869899488873074,-87.29512246158046,0.01248443,0.01759072,-0.006492920000000001,32.433551508996366,-87.14275407010433,21.414535762603506,-73.9717368759536
32.471194096495964,-87.52023465741209,0.012569829999999999,0.017868270000000002,-0.006599670000000001,32.45617122149613,-87.36913140248899,21.79542695988557,-74.43810696181596
26.565052932533206,-86.82016832341557,0.01276072,0.017995530000000003,-0.006663300000000001,28.92157660411837,-87.03970265104493,21.95981323220379,-74.86425830068598
28.30075753621216,-87.07009380479403,0.01293922,0.018263280000000003,-0.006841800000000001,28.549156563374645,-87.05783024329438,22.181075793106,-75.28958781495928
28.30075753621216,-87.0585334513944,0.013093569999999999,0.018505830000000004,-0.006885900000000001,28.400178887077153,-87.05815514815438,22.394601872303397,-75.69971013166187
23.19859224049415,-86.83271118223448,0.01326493,0.018784290000000006,-0.0069073200000000015,25.279295443127353,-86.92277738460243,22.422776590870622,-76.08725522753593
23.19859224049415,-86.83271118223448,0.01341389,0.019082210000000006,-0.007035000000000001,24.030933105547433,-86.86861849518166,22.44991851618561,-76.46087008983186
23.19859224049415,-86.83271118223448,0.01351994,0.019315520000000006,-0.007077420000000001,23.531571006515463,-86.84698078341336,22.47604508873452,-76.82113830344441
30.25643895035506,-87.28444722399323,0.01365602,0.019587680000000007,-0.007145460000000001,27.56654620481922,-87.10935178376128,22.74691747519067,-77.18498339084366
24.77514230907593,-87.0585334513944,0.013795459999999999,0.019773600000000006,-0.007261660000000001,25.89175964337325,-87.07878641634115,22.817771739503435,-77.52906631116198
23.19859224049415,-86.85750266652431,0.01401092,0.020084820000000007,-0.007357420000000002,24.27594538564579,-86.94589167845103,22.831299783845097,-77.85496557192504
26.565052932533206,-86.83271118223448,0.014166739999999999,0.020374200000000006,-0.007379680000000001,25.64947224177824,-86.8778676287211,22.962029256322243,-78.16866472397447
23.19859224049415,-86.84515557870017,0.014301139999999999,0.020643000000000005,-0.007357280000000002,24.178998001007788,-86.85813287870855,22.97043854462398,-78.47195117501082
23.19859224049415,-86.83271118223448,0.01443218,0.020861400000000006,-0.0074009600000000016,23.590806960699606,-86.8427925008241,22.978546028659345,-78.76408363156375
21.250507217423774,-85.84871316860236,0.01467396,0.021147140000000005,-0.007532840000000002,22.18672382673411,-86.24623060549106,22.918380189331568,-79.0114606652988
28.30075753621216,-87.04688159171926,0.01485876,0.021539840000000005,-0.007717640000000001,25.855217972420938,-86.72646411722798,23.10697171472443,-79.29237352098313
21.8014112013241,-86.6069873723794,0.015096690000000001,0.021734510000000005,-0.007739270000000001,23.423029081762834,-86.65470020231882,23.06154515558592,-79.54801508052925
23.19859224049415,-86.84515557870017,0.015288840000000001,0.022012060000000007,-0.007867370000000002,23.288443837001623,-86.76886240814763,23.066521211982597,-79.80264312917544
24.77514230907593,-87.0585334513944,0.015394890000000001,0.022245370000000007,-0.007994630000000003,24.180505340246206,-86.94257171009569,23.12622499968387,-80.05552043474034
28.30075753621216,-87.0585334513944,0.015565130000000002,0.022436890000000008,-0.008079750000000002,26.65272475382578,-87.01207214687491,23.306669016178596,-80.29932677755025
21.8014112013241,-86.6203146582587,0.01575539,0.022563730000000008,-0.008143170000000002,23.742012726324774,-86.7769669177052,23.25448405561102,-80.5191427035288
24.77514230907593,-87.0585334513944,0.015921710000000002,0.02275084000000001,-0.008267910000000002,24.36195700397547,-86.94583199391872,23.30746270688869,-80.74609617035429
24.77514230907593,-87.0585334513944,0.01613171,0.023023840000000007,-0.008393910000000001,24.609952187035745,-87.01334366840412,23.35857569877528,-80.9647926275363
41.63354122008221,-87.9626677561692,0.01631882,0.023273320000000007,-0.008518650000000001,34.82418045086362,-87.58283832906318,23.991636349062613,-81.2069063621171
19.653825754774743,-86.83271118223448,0.01644398,0.023523640000000005,-0.008602090000000001,25.722017697210298,-87.13266191296594,23.84174270657981,-81.4012399467681
23.19859224049415,-86.83271118223448,0.016611980000000002,0.023817640000000005,-0.008644090000000002,24.208029623180607,-86.95257387452706,23.81968950958363,-81.58861399462327
23.19859224049415,-86.82016832341557,0.01675996,0.024029040000000005,-0.008707510000000002,23.602426385568734,-86.87304598386017,23.798395227548962,-81.7690236898669
21.037512733902247,-87.07009380479403,0.0169141,0.024234560000000006,-0.008681820000000002,22.063539850568844,-86.99119246842048,23.70263800720429,-81.95299640996909
31.607504044556435,-87.09294426728266,0.0171269,0.024362240000000007,-0.008788220000000001,27.7900034869614,-87.05219247573778,23.97720413351515,-82.13128049556684
21.037512733902247,-87.07009380479403,0.01725248,0.02459247000000001,-0.00889287,23.738559267125908,-87.06284118117154,23.875442668781382,-82.30224587719894
24.77514230907593,-87.0585334513944,0.01741712,0.02481885000000001,-0.00889287,24.360574948295923,-87.06016599130525,23.90673090735734,-82.46658575480424
16.69924590560609,-85.37076348316472,0.01760171,0.02506497000000001,-0.00893389,19.763851358682025,-86.04642603842093,23.65802264449683,-82.56664908377479
18.434950509285045,-85.86532706142884,0.01778693,0.02520903000000001,-0.00905737,18.966584937043837,-85.93770902822568,23.478128739528614,-82.68025231104771
20.556046923972247,-86.3526127868495,0.01798195,0.02557121000000001,-0.00911309,19.92034013720088,-86.18650641139999,23.376594126809763,-82.8077685881483
19.653825754774743,-86.84515557870017,0.01812846,0.02569679000000001,-0.009196810000000001,19.7604901117452,-86.5816456797801,23.247343606470825,-82.94799223245748
28.30075753621216,-87.0585334513944,0.018298139999999997,0.02593010000000001,-0.009196810000000001,24.884718438425374,-86.86768501874867,23.422970853994176,-83.09050326163053
24.77514230907593,-87.0585334513944,0.018425399999999998,0.02603615000000001,-0.009218020000000002,24.81902366481571,-86.98215165833611,23.469999824507152,-83.2280527432867
25.01689522039848,-86.6203146582587,0.0185724,0.02633015000000001,-0.009302020000000003,24.937805398165374,-86.76493185828967,23.52373534627619,-83.34530268586974
18.434950509285045,-86.59355468635923,0.01875888,0.02647519000000001,-0.009364180000000003,21.03616705683718,-86.66204753913141,23.347906693921846,-83.45752808128135
23.19859224049415,-86.84515557870017,0.01898834,0.02674637000000001,-0.009426760000000003,22.333713951031363,-86.77180389087266,23.34297394094034,-83.57430366424559
19.653825754774743,-86.84515557870017,0.01922473,0.02698276000000001,-0.009491230000000003,20.725875589277393,-86.81572034756917,23.215794169344065,-83.68705510748244
25.01689522039848,-86.6203146582587,0.01933673,0.02722916000000001,-0.009625630000000003,23.300532167950045,-86.69837837398289,23.278185470921446,-83.78826006143585
23.19859224049415,-86.84515557870017,0.01951761,0.02745526000000001,-0.009693460000000003,23.239440563476506,-86.78635425681325,23.27560784989595,-83.89391253962751
21.8014112013241,-86.6203146582587,0.019661670000000003,0.02774338000000001,-0.009741480000000002,22.376680570185062,-86.68661524968053,23.224523604632726,-83.98839180580438
29.744883079420646,-86.83271118223448,0.019843670000000004,0.02794813000000001,-0.009855230000000001,26.79767487572641,-86.7741909092129,23.451579946497674,-84.08717829945535
38.659810112330376,-87.75425588532289,0.020061370000000005,0.02816583000000001,-0.009964080000000002,33.91504309768879,-87.3621428148789,23.980820360838347,-84.21454446954148
26.565052932533206,-86.83271118223448,0.020283970000000005,0.02838843000000001,-0.010008600000000001,29.50513803859544,-87.04439479529225,24.070977783563006,-84.30546430931155
24.77514230907593,-87.0585334513944,0.020393520000000005,0.02865135000000001,-0.010096240000000001,26.667184420883736,-87.05277282095354,24.095592805832027,-84.40103269759275
28.30075753621216,-87.0585334513944,0.020522040000000005,0.02880129000000001,-0.010139080000000002,27.64737969808079,-87.05616922321805,24.241940831966023,-84.4933081642194
26.565052932533206,-86.83271118223448,0.020629140000000004,0.02905833000000001,-0.010224760000000001,26.998026478752237,-86.9219915826279,24.32276474706375,-84.5743573334062
28.610461438802957,-87.51044552714686,0.020757660000000004,0.029272530000000012,-0.010289020000000001,27.96553886278267,-87.27497826933927,24.471762277344148,-84.67610684110903
29.744883079420646,-86.82016832341557,0.020893110000000003,0.02962470000000001,-0.010424470000000002,29.033199572765454,-87.00195143378505,24.656451462808526,-84.75082574066938
23.19859224049415,-86.83271118223448,0.021066710000000002,0.02984170000000001,-0.010554670000000002,25.532504613402672,-86.90032048285471,24.60564017168911,-84.82343843095585
21.037512733902247,-87.04688159171926,0.021172410000000003,0.03009538000000001,-0.010639230000000003,22.83555176570242,-86.98815567617343,24.48116094774239,-84.90084309864689
24.77514230907593,-87.07009380479403,0.02134209,0.030265060000000007,-0.010766490000000004,23.999373963726526,-87.0372506813458,24.491579903378593,-84.9763332677471
23.19859224049415,-86.84515557870017,0.02159465,0.030540580000000008,-0.010881290000000004,23.5190059537871,-86.92188341175842,24.446680832612564,-85.04133814920876
26.565052932533206,-86.80752583024034,0.02173577,0.03079930000000001,-0.010998890000000004,25.346690589034765,-86.85316537484756,24.520949082681923,-85.10290877173018
23.19859224049415,-86.84515557870017,0.02196187,0.03102540000000001,-0.011111940000000004,24.057922019910396,-86.84826905715911,24.474870952361602,-85.16371012173194
19.653825754774743,-86.85750266652431,0.02217103,0.031211320000000008,-0.011228140000000005,21.415547924829006,-86.85373485477822,24.306014684315258,-85.22294499953037
23.19859224049415,-86.83271118223448,0.022322440000000002,0.03149251000000001,-0.011271400000000004,22.485435078228093,-86.84100817525197,24.26737003619567,-85.2790826722221
21.037512733902247,-87.0585334513944,0.022512070000000002,0.03164000000000001,-0.011271400000000004,21.616757523632586,-86.97146434493743,24.15461281435566,-85.34118112247056
26.565052932533206,-86.83271118223448,0.022681190000000004,0.03185140000000001,-0.011313680000000005,24.585802416972957,-86.88812788731565,24.238938022057624,-85.39306764788074
23.19859224049415,-86.82016832341557,0.022921290000000004,0.03199546000000001,-0.011457740000000004,23.753572351085673,-86.84729452497561,24.202746498619625,-85.44291668589058
24.77514230907593,-87.0585334513944,0.023089850000000006,0.03222723000000001,-0.011605230000000005,24.366581749879828,-86.97394517282689,24.222920598340327,-85.49917984214584
24.77514230907593,-87.07009380479403,0.023199400000000005,0.03240251000000001,-0.011692870000000005,24.611761905397493,-87.03156424000717,24.242325616005893,-85.55391526961337
28.30075753621216,-87.04688159171926,0.023315250000000006,0.03263421000000001,-0.011739210000000005,26.825205623886294,-87.04066197103441,24.38446859484545,-85.60595577771333
23.19859224049415,-86.85750266652431,0.023405690000000007,0.03292814000000001,-0.011874870000000004,24.649273769851007,-86.93064881632836,24.343034975502306,-85.64951406540006
15.94539756612889,-86.84515557870017,0.023641310000000006,0.03312092000000001,-0.012024810000000004,19.42704229561774,-86.87927576175144,24.0495729338976,-85.691159577573
30.25643895035506,-87.28444722399323,0.023809870000000007,0.03333162000000001,-0.012151230000000004,25.92474771246013,-87.12229435909651,24.266448319420505,-85.74660049899397
25.01689522039848,-86.6203146582587,0.023957850000000006,0.03362758000000001,-0.012214650000000004,25.38009540922314,-86.82098815459383,24.29275831479646,-85.77679098609026
19.98310822141974,-87.51044552714686,0.024125290000000008,0.03387874000000001,-0.012340230000000004,22.1419700725411,-87.23456211412565,24.14293069200786,-85.836902516689
22.38013677185006,-86.04681893491039,0.024334590000000007,0.034088040000000014,-0.012403020000000004,22.284953812126474,-86.52183248659651,24.081881226514803,-85.84401061711596
15.94539756612889,-86.84515557870017,0.024540110000000007,0.034396320000000015,-0.012480090000000004,18.481302272527927,-86.7157030298587,23.79770301284231,-85.87872381957938
21.8014112013241,-86.6069873723794,0.024715390000000007,0.034659240000000015,-0.012589640000000004,20.473437741805633,-86.65036846737112,23.72812863722536,-85.90393104775892
28.30075753621216,-87.0585334513944,0.024876600000000006,0.03498166000000001,-0.012681760000000004,25.16989410244955,-86.89513848978508,23.888267447185342,-85.94403242522955
23.19859224049415,-86.84515557870017,0.025158700000000006,0.03512271000000001,-0.012794600000000003,23.98722582527631,-86.86509232313414,23.864195131466904,-85.9757328270851
30.25643895035506,-87.28444722399323,0.025290160000000006,0.03529799000000001,-0.012882240000000003,27.748806284323557,-87.1166351516496,24.08977321389456,-86.02173714171693
19.44003652308075,-86.17095214326602,0.025459840000000004,0.03557372000000001,-0.013009500000000004,22.763612299577872,-86.54911505461945,23.926284761804524,-86.0267390847971
39.80557296024253,-87.28444722399323,0.025607330000000005,0.03574228000000001,-0.013072710000000003,32.988847691976666,-86.9902469322437,24.48415097710449,-86.07076622879609
24.77514230907593,-87.07009380479403,0.025799480000000003,0.03595578000000001,-0.013222160000000004,28.060701322236227,-87.0380696557739,24.494545448184688,-86.10562092331678
23.19859224049415,-86.83271118223448,0.025987850000000003,0.03616508000000001,-0.013305880000000004,25.143511221190984,-86.91477085165025,24.4493797253242,-86.13087944888494
19.653825754774743,-86.83271118223448,0.026092150000000005,0.03635282000000001,-0.013431040000000003,21.84974166134124,-86.86545995400078,24.28200795977009,-86.15522448155966
24.77514230907593,-87.0585334513944,0.026241110000000005,0.03660818000000001,-0.013580000000000004,23.605041633982054,-86.98120190843696,24.299356074803026,-86.18650070549033
29.744883079420646,-86.79478251205055,0.026402810000000006,0.03683918000000001,-0.013626200000000003,27.289011181245208,-86.86925787060511,24.48975307495926,-86.20754539083659
36.869899488873074,-87.28444722399323,0.026643050000000005,0.036992060000000014,-0.013669880000000004,33.03764026182193,-87.11831033063798,24.92229201994106,-86.24501890708035
23.19859224049415,-86.83271118223448,0.026877900000000003,0.037141510000000016,-0.013733930000000004,27.13430538902526,-86.94689106159588,24.86240341412683,-86.26538892416085
25.01689522039848,-86.59355468635923,0.027025390000000003,0.03733114000000002,-0.013797140000000003,25.863918283849195,-86.7348133844539,24.867930944972407,-86.27665079242271
23.19859224049415,-86.84515557870017,0.027215650000000004,0.03752140000000002,-0.013902840000000003,24.26479876183617,-86.80094259700167,24.810058491775095,-86.29625645271244
23.19859224049415,-86.84515557870017,0.027405910000000006,0.037669380000000016,-0.014008540000000003,23.62515095303096,-86.82741119402077,24.754266750498033,-86.31519790408284
20.556046923972247,-86.437543856308,0.027553890000000004,0.03783850000000002,-0.014071960000000003,21.78374772759573,-86.59342314339311,24.608738605019443,-86.3192962668599
25.20112538933921,-86.09429930003898,0.027746670000000005,0.038031280000000015,-0.014136220000000003,23.834251436641818,-86.29387172538063,24.629472008005198,-86.31132428989932
23.19859224049415,-86.84515557870017,0.027942390000000004,0.03835748000000001,-0.014234080000000003,23.452934206953216,-86.62451155737236,24.5792243091528,-86.32985417121701
24.77514230907593,-87.0585334513944,0.028101150000000005,0.03860696000000002,-0.014415520000000003,24.246322572226845,-86.88482490178558,24.586290636237774,-86.35532485211326
24.77514230907593,-87.0585334513944,0.028300230000000006,0.03878392000000001,-0.014548240000000002,24.5636940463363,-86.98897924755087,24.593142244855756,-86.37995080011949
26.565052932533206,-86.84515557870017,0.028515060000000005,0.039022620000000015,-0.014643720000000002,25.764595310054442,-86.90258956624045,24.662982040982822,-86.39616516410976
23.19859224049415,-86.84515557870017,0.028682150000000007,0.03921358000000001,-0.014715330000000002,24.22506030431827,-86.86805278971627,24.61134380694999,-86.4118830379071
23.19859224049415,-86.84515557870017,0.02886415000000001,0.03941833000000001,-0.014851830000000002,23.6092522660238,-86.85423256310662,24.56154287447722,-86.42703180851187
26.565052932533206,-87.28444722399323,0.02907331000000001,0.03967397000000001,-0.015014510000000002,25.38281632992944,-87.11225910363859,24.63268831853565,-86.45716190316776
23.19859224049415,-86.84515557870017,0.02924215000000001,0.04001165000000001,-0.015183350000000002,24.072349412268267,-86.95186191667554,24.581668582132107,-86.47070718740079
23.19859224049415,-86.83271118223448,0.02948393000000001,0.04020947000000001,-0.015293250000000001,23.548191821203798,-86.8802923480109,24.532622688605894,-86.48343295289575
28.30075753621216,-87.07009380479403,0.02959033000000001,0.04040099000000001,-0.015357090000000002,26.399773810208814,-86.99409661408077,24.666649099382216,-86.50411466734388
24.77514230907593,-87.0585334513944,0.029753010000000007,0.04058691000000001,-0.015426810000000003,25.425059981529085,-87.03268434846895,24.6706688324147,-86.52366696796018
23.19859224049415,-86.83271118223448,0.029887830000000008,0.04078914000000001,-0.015516690000000003,24.089233264908124,-86.91261955672826,24.618497824829078,-86.53447043574066
14.036245116907935,-86.437543856308,0.02995251000000001,0.04102630000000001,-0.015602930000000003,18.057466248108014,-86.62747927247611,24.243312716283878,-86.53082143715015
28.610461438802957,-87.51044552714686,0.03010000000000001,0.04119486000000001,-0.015687210000000004,24.38932235852498,-87.15719160127856,24.397915864968063,-86.56532247111548
30.25643895035506,-87.28444722399323,0.03020605000000001,0.04144938000000001,-0.015708420000000004,27.909634733623026,-87.23344316690736,24.60476432487248,-86.59047074791516
26.565052932533206,-86.80752583024034,0.030416050000000007,0.04163838000000001,-0.015771420000000005,27.102969652969133,-86.97781716490715,24.673982587518715,-86.59794617343462
23.19859224049415,-86.83271118223448,0.030586290000000006,0.04191502000000001,-0.015856540000000006,24.760411301484144,-86.89064291930354,24.62230519889609,-86.60594575385966
26.565052932533206,-87.29512246158046,0.030754290000000007,0.04216702000000001,-0.015919540000000006,25.843263480113578,-87.1332298446697,24.690597283237107,-86.6298860752475
23.62937946116375,-86.32339655226914,0.030901780000000007,0.042440930000000016,-0.016003820000000005,24.51499206474368,-86.64722030522937,24.65360053520709,-86.61891083687908
25.01689522039848,-86.6203146582587,0.031008180000000007,0.04271757000000002,-0.016110220000000005,24.816176518136558,-86.63096626104698,24.666405538312073,-86.61870963237655
28.30075753621216,-87.04688159171926,0.031199700000000007,0.04297293000000002,-0.016131500000000003,26.90700173698192,-86.88041331545034,24.793452039860224,-86.63342521833849
24.77514230907593,-87.07009380479403,0.03136826000000001,0.04312042000000002,-0.016215780000000003,25.627953504238327,-86.99416261305655,24.792981422019356,-86.64851759758074
28.30075753621216,-87.0585334513944,0.03157896000000001,0.043310050000000024,-0.016405410000000002,27.231720203422626,-87.03270926405926,24.91526021098044,-86.66261969198719
24.77514230907593,-87.0585334513944,0.03174752000000001,0.043583960000000026,-0.01648969,25.75784089081461,-87.04809421246034,24.910558356206533,-86.67613101699021
18.434950509285045,-86.64665794748734,0.031934630000000006,0.04381265000000002,-0.01659364,21.364181505896873,-86.80714097747654,24.686079211995338,-86.67490410776865
21.037512733902247,-87.0585334513944,0.03208114000000001,0.044084740000000025,-0.01676108,21.1682388467001,-86.95786762582725,24.559814892442237,-86.68794938973504
26.565052932533206,-86.84515557870017,0.032248580000000006,0.04431497000000002,-0.01682387,24.40639427419996,-86.89014830555101,24.62936715442021,-86.6931833529918
24.77514230907593,-87.0585334513944,0.032358130000000006,0.04446834000000002,-0.0168896,24.627686915125544,-86.99111804505704,24.63452349534425,-86.70569861446123
28.30075753621216,-87.0585334513944,0.032485810000000004,0.04476626000000002,-0.016996,26.83158035977751,-87.03144812085945,24.761467181063487,-86.71763243360186
15.94539756612889,-86.84515557870017,0.032602360000000004,0.044976050000000024,-0.01706593,20.299917303588337,-86.91958867956387,24.455873442429215,-86.72187041557144
23.19859224049415,-86.83271118223448,0.03271156,0.045128930000000025,-0.01713145,22.039165945731824,-86.86740102916623,24.412382325318433,-86.7255839393846
24.77514230907593,-87.0585334513944,0.03292772,0.045345090000000025,-0.01718549,23.68083822773829,-86.98199401850313,24.42527742943259,-86.73703553172403
19.653825754774743,-86.85750266652431,0.03303657,0.045519250000000025,-0.017229030000000003,21.26467428396016,-86.90722954331584,24.258690996046806,-86.74109333767387
19.653825754774743,-86.84515557870017,0.03329991,0.045830470000000026,-0.017348730000000003,20.298270502448908,-86.86986067654644,24.09763041631399,-86.74445751795231
33.690069341985634,-87.28444722399323,0.03349773,0.04602829000000003,-0.017392690000000002,28.333428934170943,-87.11853347701452,24.433730994408798,-86.76319324594049
26.565052932533206,-87.28444722399323,0.033687360000000006,0.04632327000000003,-0.017455900000000003,27.272479185188303,-87.21796373320174,24.50842016429613,-86.7811460630037
25.01689522039848,-86.6069873723794,0.03386488000000001,0.04656736000000003,-0.017522470000000002,25.91919981431441,-86.85128028070832,24.526371194443207,-86.77483997530886
23.19859224049415,-86.82016832341557,0.034030990000000004,0.04685212000000003,-0.01756993,24.286901714022257,-86.83249920233267,24.480009718382174,-86.77617237759897
23.19859224049415,-86.83271118223448,0.034234480000000005,0.04705561000000003,-0.017524710000000002,23.63399742590539,-86.83254499427375,24.435285147768038,-86.77797617883725
24.77514230907593,-87.0585334513944,0.03441368,0.047414010000000034,-0.017569510000000003,24.318756035807716,-86.96799470854614,24.447379892123973,-86.78748592513868
26.565052932533206,-86.83271118223448,0.03447857,0.04765194000000003,-0.017677660000000005,25.66656012984301,-86.88672942075914,24.521628442319834,-86.78885773599804
21.8014112013241,-86.6069873723794,0.03460457,0.047924940000000034,-0.017803660000000006,23.347521172731668,-86.7187749917313,24.426647377248965,-86.78225221770677
23.19859224049415,-86.83271118223448,0.03473057,0.048155940000000036,-0.017887660000000007,23.25821421338916,-86.78704430603321,24.383912957436433,-86.78380702517838
24.77514230907593,-87.0585334513944,0.034940570000000004,0.04832394000000004,-0.017971660000000007,24.168455070801222,-86.94987059324993,24.397751644072038,-86.79323391518668
26.565052932533206,-86.82016832341557,0.035171570000000006,0.04857594000000004,-0.01807666000000001,25.60650618784041,-86.87194843134931,24.473378041672834,-86.79394440593379
24.77514230907593,-87.0585334513944,0.03540488000000001,0.04878804000000004,-0.01809787000000001,25.107781184581725,-86.98381460337636,24.484094144677805,-86.80295111844211
20.556046923972247,-86.38136895940636,0.035595770000000006,0.04904256000000004,-0.01814029000000001,22.37681698421604,-86.62224540899436,24.347924233239105,-86.7880874587323
28.30075753621216,-87.0585334513944,0.03580507000000001,0.04923093000000004,-0.01818215000000001,25.931265035413713,-86.88394288643438,24.48515690496763,-86.7972973584606
25.01689522039848,-86.6069873723794,0.03588879000000001,0.04948209000000004,-0.01830773000000001,25.382676634404575,-86.71766911400138,24.503650890277854,-86.79048302104681
32.735228079998905,-86.83271118223448,0.03609669000000001,0.049773150000000044,-0.01839089000000001,29.794290661761174,-86.78657793094123,24.788422718162867,-86.79167838263264
17.35402631343834,-86.437543856308,0.03624908000000001,0.04996908000000004,-0.01845620000000001,22.330193008767473,-86.5770791141613,24.531523779524523,-86.77926200884573
30.25643895035506,-87.28444722399323,0.03636458000000001,0.05015388000000004,-0.01854860000000001,27.085986773720023,-87.00142606006045,24.730020804080628,-86.7966077090478
24.77514230907593,-87.07009380479403,0.03652922000000001,0.05041260000000004,-0.01868972000000001,25.69954595093357,-87.04252321890058,24.731752819330392,-86.80587910351758
31.607504044556435,-87.03513713594646,0.03674405000000001,0.05074678000000004,-0.01871359000000001,29.24440673910729,-87.03795789712811,24.971593623757535,-86.81356547729528
26.565052932533206,-86.83271118223448,0.03689357000000001,0.05102090000000004,-0.01878835000000001,27.63685426316284,-86.91470022019192,25.027523707549047,-86.81399099601994
23.19859224049415,-86.84515557870017,0.03717987000000001,0.05145035000000004,-0.01887424000000001,24.974011569561625,-86.87280165529687,24.963160685328912,-86.81470106815905
23.19859224049415,-86.84515557870017,0.037381470000000014,0.05169675000000004,-0.01882944000000001,23.90884061212114,-86.85611544933886,24.901014050763997,-86.81555723539148
32.735228079998905,-86.83271118223448,0.03756907000000002,0.05195470000000004,-0.01892324000000001,29.204748132847797,-86.84196970907622,25.178337835937086,-86.8159339012771
17.35402631343834,-86.42366406491283,0.03774792000000002,0.05218465000000004,-0.01892324000000001,22.094386581202123,-86.5908943425782,24.900544656289924,-86.80179639203229
23.19859224049415,-86.83271118223448,0.037930480000000016,0.05250413000000004,-0.01899170000000001,22.75698300077734,-86.73585665437196,24.840268507797944,-86.80260457345402
23.19859224049415,-86.83271118223448,0.038123890000000014,0.05276201000000004,-0.01907766000000001,23.022025908607425,-86.79386621908947,24.782266116177293,-86.803440137519
23.19859224049415,-86.83271118223448,0.03829245000000001,0.05301485000000004,-0.01922515000000001,23.12803313173946,-86.81707206097647,24.726440990454456,-86.80424790364212
21.8014112013241,-86.59355468635923,0.03841803000000001,0.05326601000000004,-0.01932980000000001,22.332110205490245,-86.68286117220612,24.623420767131915,-86.79659251844696
21.8014112013241,-86.6069873723794,0.03856405000000001,0.053453750000000036,-0.01937152000000001,22.013749210990557,-86.63726179631007,24.524307347186422,-86.7897589623227
23.19859224049415,-86.83271118223448,0.03877405000000001,0.05355875000000004,-0.01945552000000001,22.724739028692714,-86.75448942786471,24.477986284551786,-86.79118181283053
14.036245116907935,-86.42366406491283,0.038983350000000014,0.053788980000000035,-0.01958110000000001,17.51172640162185,-86.55590211809358,24.11250506117686,-86.77810518304818
23.19859224049415,-86.84515557870017,0.039172350000000015,0.05404098000000004,-0.01958110000000001,20.92392150494523,-86.72935339445753,24.080744904983728,-86.78022245517784
26.565052932533206,-86.82016832341557,0.03933923000000002,0.054228720000000036,-0.01964368000000001,24.308667113498014,-86.78376725583234,24.167579002657938,-86.78145140992412
24.77514230907593,-87.07009380479403,0.039507790000000015,0.05441835000000004,-0.01972796000000001,24.588619654844763,-86.95548733320936,24.188909268576577,-86.79133957682978
21.037512733902247,-87.0585334513944,0.039683070000000015,0.05457172000000004,-0.01981560000000001,22.458025614279254,-87.01725365612037,24.07932295943342,-86.80051503232565
23.19859224049415,-86.83271118223448,0.039868990000000014,0.05480412000000004,-0.01993180000000001,22.90243995800819,-86.90643521178883,24.048773260037635,-86.80143272572234
23.19859224049415,-86.83271118223448,0.040049870000000015,0.05505283000000004,-0.02011268000000001,23.080203679499768,-86.86210131005622,24.019260495033546,-86.80230304784263
24.77514230907593,-87.0585334513944,0.04031699000000002,0.05525317000000004,-0.02011268000000001,24.097273705245467,-86.97988045885913,24.045926209789503,-86.81107789335437
33.690069341985634,-87.29512246158046,0.040531190000000016,0.05546737000000004,-0.02011268000000001,29.853036767289566,-87.16893998049193,24.382658117594556,-86.8277784074541
21.8014112013241,-86.58001534637779,0.040731530000000016,0.055712230000000036,-0.02017946000000001,25.022141563710285,-86.81548725602345,24.292761061954533,-86.81891201412375
22.61986666996819,-87.29512246158046,0.040828410000000016,0.05588177000000004,-0.02025212000000001,23.58081537946503,-87.10320056335766,24.234279445196346,-86.83544320694568
23.19859224049415,-86.83271118223448,0.04103631000000001,0.05615897000000004,-0.02046002000000001,23.351564656082502,-86.94079605468374,24.19817010084281,-86.8350983669414
23.19859224049415,-86.84515557870017,0.041305950000000015,0.05642861000000004,-0.02052743000000001,23.259889062729492,-86.8833039130936,24.16337692944775,-86.83520884538305
28.610461438802957,-87.50057885254142,0.04152995000000002,0.05679261000000004,-0.02058343000000001,26.47032208837357,-87.2535232767623,24.320915052581388,-86.85841770111752
28.30075753621216,-87.0585334513944,0.04168528000000002,0.057036700000000044,-0.02071657000000001,27.568645489076722,-87.13643174554156,24.461749202389345,-86.86527369282618
24.77514230907593,-87.07009380479403,0.04172826000000002,0.05727309000000005,-0.020909980000000012,25.892560773076248,-87.09653442509304,24.47285341816607,-86.87229003868029
23.19859224049415,-86.83271118223448,0.041876240000000016,0.05754791000000005,-0.021015680000000012,24.27623884552699,-86.9381305513779,24.428135390800914,-86.87064829533804
15.94539756612889,-86.83271118223448,0.042030590000000013,0.05779046000000005,-0.021015680000000012,19.27779581788813,-86.87478190989185,24.12981740464298,-86.86909708606257
21.037512733902247,-87.07009380479403,0.04226019000000002,0.05808894000000005,-0.021130480000000014,20.3337178074966,-86.99184965483315,24.021154823764405,-86.87590512702288
24.77514230907593,-87.0585334513944,0.04245864000000002,0.05839764000000005,-0.021240730000000013,22.9986518884442,-87.03173645276989,24.047882504436785,-86.88205152184025
23.19859224049415,-86.83271118223448,0.04257764000000002,0.058683240000000046,-0.021312130000000012,23.118663699674173,-86.91220705044864,24.018054977946115,-86.88005528991202
14.931418834726458,-86.63353777826396,0.04276972000000002,0.05906740000000005,-0.021432180000000012,18.206393612705547,-86.74485182313784,23.69713827317836,-86.87099243357036
21.8014112013241,-86.6069873723794,0.042955920000000015,0.059360000000000045,-0.021485380000000012,20.36347864587668,-86.66201611268278,23.629932239976338,-86.86134662333218
25.01689522039848,-86.63353777826396,0.043093680000000016,0.05954368000000004,-0.021554260000000013,23.155583694589758,-86.64485564003148,23.679374918202477,-86.85308924466342
24.77514230907593,-87.04688159171926,0.043272880000000014,0.059790080000000044,-0.021599060000000014,24.127390543281464,-86.88597265104414,23.718474744019368,-86.85975334651425
23.19859224049415,-86.83271118223448,0.043386630000000016,0.06008583000000004,-0.021667310000000013,23.570157061609077,-86.85389746975834,23.700124736720507,-86.85852590977059
24.77514230907593,-87.0585334513944,0.04352859000000002,0.06029877000000004,-0.02178561000000001,24.29320499408919,-86.97659388273998,23.73848808058043,-86.86545083255406
19.653825754774743,-86.84515557870017,0.04366173000000002,0.06038753000000004,-0.02194094000000001,21.509630706500523,-86.8976953963161,23.593549737173852,-86.86466217566444
19.653825754774743,-86.84515557870017,0.04387243000000002,0.060513950000000045,-0.02204629000000001,20.396232015465053,-86.86612093774653,23.454213521559673,-86.8638661803474
29.744883079420646,-86.80752583024034,0.043977780000000015,0.060682510000000044,-0.02219378000000001,26.005464793838406,-86.8308964492428,23.676564689456526,-86.86172995299877
28.30075753621216,-87.0585334513944,0.04410462000000002,0.06087277000000004,-0.02232062000000001,27.382691175262657,-86.96740254653376,23.839691910329545,-86.86850058753389
24.77514230907593,-87.0585334513944,0.04425113000000002,0.06110300000000004,-0.02242527000000001,25.818220459550624,-87.02198899745014,23.872731126367476,-86.8749775796994
28.072488704118854,-86.6069873723794,0.04435648000000002,0.06125049000000004,-0.02253062000000001,27.17082354629156,-86.7729290264077,24.020214809138245,-86.86544779400614
25.01689522039848,-86.6069873723794,0.04453960000000002,0.06150228000000004,-0.02259929000000001,25.87853979875571,-86.67326331799072,24.055400806133804,-86.85614556526842
26.565052932533206,-86.84515557870017,0.04469591000000002,0.061725580000000044,-0.02264395000000001,26.290510203022208,-86.77630935441638,24.143693825397445,-86.85556200116059
26.565052932533206,-87.28444722399323,0.04489121000000002,0.061964280000000045,-0.02268735000000001,26.45531396072881,-87.0810965961625,24.228837658045585,-86.87039610319898
26.565052932533206,-86.84515557870017,0.04513943000000002,0.06229524000000004,-0.02282525000000001,26.521256631811447,-86.9393996016851,24.3117000273645,-86.86920632868264
25.01689522039848,-86.538744562934,0.04526795000000002,0.06255228000000004,-0.02291093000000001,25.618691192963666,-86.69890376243444,24.336719262932675,-86.85731135213369
26.565052932533206,-87.28444722399323,0.04541593000000002,0.06274254000000004,-0.02299549000000001,26.186567428705388,-87.05015373536972,24.415346025782075,-86.87218800535763
32.471194096495964,-87.50057885254142,0.04562663000000002,0.06295324000000004,-0.02312191000000001,29.957427709379733,-87.32032452567275,24.698661301497392,-86.89408519993127
23.19859224049415,-86.84515557870017,0.04577412000000002,0.06320608000000004,-0.02316405000000001,25.902185424048383,-87.0351220214892,24.64619740614074,-86.89214206416706
24.77514230907593,-87.0585334513944,0.04600092000000002,0.06350092000000004,-0.023232090000000007,25.226050275064914,-87.04905094343232,24.650946382313098,-86.89771483842446
31.607504044556435,-87.07009380479403,0.046231920000000024,0.06375502000000004,-0.02325519000000001,29.05501493675983,-87.06157502024934,24.8955804694506,-86.90354444050455
24.77514230907593,-87.0585334513944,0.046373040000000025,0.06399022000000004,-0.02344335000000001,26.48714780814949,-87.05965599893636,24.89148380585082,-86.90879103335539
18.434950509285045,-87.29512246158046,0.04656512000000002,0.06418230000000004,-0.023539390000000007,21.655906260830825,-87.20085904452282,24.663915656841667,-86.92225318593894
26.565052932533206,-86.83271118223448,0.04676861000000002,0.06456667000000003,-0.023652440000000007,24.601475659852255,-86.9798165791498,24.731185263189236,-86.91874172740432
21.037512733902247,-87.0585334513944,0.04692590000000002,0.06479137000000003,-0.023674910000000007,22.46316082028225,-87.02695682249656,24.601057569714396,-86.92347382965673
21.037512733902247,-87.0585334513944,0.047127500000000024,0.06503777000000002,-0.02378691000000001,21.60785260845425,-87.04580423983526,24.47559377748269,-86.92801684187168
26.565052932533206,-86.83271118223448,0.04734940000000002,0.06528186000000002,-0.023853480000000007,24.58226156290162,-86.91785076927479,24.54945382743913,-86.92444026597424
23.19859224049415,-86.84515557870017,0.04752356000000002,0.06554310000000002,-0.023940560000000007,23.752129633457137,-86.87412915893002,24.502071200677467,-86.92141463862012
17.102730644093782,-87.07009380479403,0.04763066000000002,0.06580014000000002,-0.024090500000000008,19.762533079839123,-86.99160513044842,24.242110443433074,-86.92640959169258
23.19859224049415,-86.83271118223448,0.04782666000000002,0.06606964000000003,-0.02416400000000001,21.82424697623214,-86.89616096152005,24.205510788495538,-86.92286561513149
24.77514230907593,-87.0585334513944,0.04800810000000002,0.06629644000000003,-0.024277400000000008,23.594856751938416,-86.99349373544466,24.225778786609016,-86.92744954764149
23.19859224049415,-86.83271118223448,0.04814670000000002,0.06645814000000003,-0.024416000000000007,23.357153485071855,-86.89695952351855,24.189662494290125,-86.92396838903403
30.25643895035506,-87.29512246158046,0.048296150000000024,0.06677839000000002,-0.024501400000000007,27.496784544241777,-87.13572918635569,24.40353497666002,-86.93675187199284
25.01689522039848,-86.6203146582587,0.048422570000000026,0.06703123000000002,-0.024564610000000008,26.008901517935797,-86.8263793334975,24.425222201114877,-86.92540149126917
21.8014112013241,-86.6069873723794,0.04855235000000003,0.06735568000000003,-0.024651130000000007,23.48445923996878,-86.69461437682664,24.333228354416857,-86.91392615098083
28.072488704118854,-86.6203146582587,0.04869641000000003,0.06757177000000003,-0.02467514000000001,26.237334542458825,-86.64994810968588,24.464988930298432,-86.90340227322987
14.036245116907935,-86.42366406491283,0.04876928000000003,0.06776609000000003,-0.024772300000000008,18.91671003512829,-86.51409995482206,24.096977523482867,-86.88630177593298
28.30075753621216,-87.0585334513944,0.04897151000000003,0.06799079000000002,-0.024727360000000007,24.54721942777861,-86.84067017276546,24.245522647946142,-86.8921808675205
28.30075753621216,-87.04688159171926,0.04915771000000003,0.06825679000000003,-0.02480716000000001,26.79941677283874,-86.96429062413773,24.389676680570062,-86.89743786106052
26.565052932533206,-86.84515557870017,0.04924395000000003,0.06842927000000003,-0.024958080000000007,26.658832964655417,-86.8927406048752,24.466843614920364,-86.89543631075298
22.61986666996819,-87.30571415755003,0.04941363000000003,0.06868379000000002,-0.025021710000000006,24.23552105984308,-87.14042292848009,24.40172227603896,-86.90971089827484
97.69605408196554,-91.10170459487202,0.04435263000000003,0.043903790000000026,-0.03850371000000001,68.30981647311656,-89.52710392831526,26.981258712175123,-87.08144695975008
-168.56274368389498,-140.81896980357328,0.06959071000000003,-0.05826149,-0.02752323000000001,-73.80362438909036,-120.34308956547008,20.123804680665693,-89.07122786471554
57.14428006489419,-84.15837955384018,0.062198710000000025,-0.04152868999999999,-0.02127363000000001,4.762161483300371,-98.62557043849213,21.41941281432913,-88.88222371942561
161.17529288117555,-142.5101530991546,-0.001492889999999976,0.09194675000000004,-0.02490971000000001,98.58456368202548,-124.90292985888962,26.28800543549397,-90.64526301064956
130.53508493348187,-123.54610733929624,0.09211783000000004,0.027107150000000038,-0.017217270000000007,117.79232072089931,-124.11477218713358,30.059457937898213,-91.86962329822447
148.26648363629624,-146.6592916053346,0.20804035000000004,-0.008588369999999963,-0.04150517000000001,136.12318747813748,-137.65576204605418,34.34138835612849,-93.83694492439678
152.8503211308842,-157.44275240874722,0.17820691000000005,0.04251723000000004,0.021896349999999995,146.1475342937855,-149.50751402367,38.48874210820194,-96.02906330342165
160.93080935998984,-110.04524806607489,0.15764371000000005,0.09204027000000004,0.04547977,155.0092740535081,-125.81034523311294,42.776465879306386,-96.47440901455087
174.61069125362053,-113.39586850969945,0.15228115000000006,0.09678571000000004,0.05450249,166.76797934957557,-118.35976102306485,47.40110331855815,-97.06411588238828
152.77640847339768,-126.71151181563715,0.11140227000000005,0.16300907000000003,0.12570537,158.35668527186886,-123.34432215460824,51.05620474151977,-98.03970005568414
55.253215157115505,-46.62333062676481,0.08724625000000005,0.19874855000000002,0.058512510000000004,96.48494079501685,-77.29743144590219,51.18003260123061,-96.2034253579911
163.79097799383658,-116.97043777815725,0.12629141000000005,0.18203955000000002,0.03210151,136.8841811783087,-101.10791884525523,55.15983976858518,-96.94655758097076
-162.86372535079454,-123.54371722666622,0.11760196000000005,0.19706995000000002,0.02802366,-42.96803851915324,-114.56338571410181,47.52945953911553,-97.86192067703574
-160.10160854472053,-157.05643256720916,0.17059504000000006,0.11944387000000001,0.02521764,-113.22698330249361,-140.09026425796623,40.33009571747368,-100.00396965090579
90.93919324826265,-92.57335795534905,0.19139736000000007,0.14303989,-0.0005918500000000014,9.281043555960146,-111.57068206839591,42.115826855152214,-99.72200521654429
121.34714520415662,140.19442933430295,0.20893929000000008,0.13830292,-0.0025385500000000014,76.52772131687803,39.48648998522341,44.89512650728242,-91.36214348756103
133.6360751337757,-111.76932764136313,0.18809077000000007,0.1798706,0.03264737,110.78439419901665,-51.250373518728516,47.96666973186977,-92.03300986146716
-157.96377287258372,-117.55281028117332,0.18972821000000006,0.13886236,0.006978089999999999,-50.463851067943565,-91.04823887219538,40.771201883131546,-92.96451186200149
-171.45471803207863,-144.04329560362868,0.17427627000000007,0.15016008,0.0035272299999999993,-123.06455202242459,-122.84075382305537,33.34108404935439,-94.73834765523397
171.4547210914726,-143.27286455195394,0.17302740000000005,0.15478309,0.037137170000000004,53.64651229791373,-135.0981710563945,38.16397841859429,-96.42914889681607
170.53768077095458,-137.40021333398167,0.16020732000000004,0.14934493000000001,0.07795613000000001,123.77608534973824,-136.4815716869468,42.7732573450406,-97.86487432436182
-147.88516912678128,-173.32553013131218,0.15394666000000004,0.15715007,0.07966609000000001,-39.22317160017346,-158.58482469756603,36.055137589729185,-100.51398669139994
101.42406973363194,-105.05431515784417,0.21868266000000006,0.09257086999999999,0.09787729,45.19106760010978,-126.49235065373293,38.41866406140792,-100.73616240080833
155.7387120007361,-122.6045919136287,0.20961969000000005,0.11924065999999998,0.10694026000000001,111.51602905248556,-124.14902749367039,42.53445687019057,-101.479282252431
143.5891292050323,-134.10681851694875,0.15547833000000005,0.1557353,0.10519306,130.7382326000136,-130.1091042516374,46.03184919188285,-102.59017385480493
153.5792732153069,-141.16484068735346,0.19480377000000004,0.13443402,0.14488502,144.45858714518957,-136.75106662506704,49.8428324703295,-103.96405743494356
-174.4127559883135,-139.88950370098286,0.20992629000000004,0.10153289999999998,0.15435266,-46.85816972691227,-138.64728931861652,42.00084351543125,-105.25447999833635
-109.26745709982983,-147.669813225349,0.16415259000000004,0.07595979999999998,0.16150883,-84.3220516306628,-144.07103290265601,36.66330330463781,-106.76347323660039
-163.909183514403,-138.09405693793863,0.22123689000000005,0.1496446,0.16750642999999998,-132.0514970409069,-140.4553734038256,29.708055044163064,-107.78748057162701
135.94435308857481,-126.94435484110483,0.25980437000000006,0.09219881999999999,0.17292918999999998,28.761440028782133,-132.37174057819314,33.476463794269655,-108.51579794233916
-171.2358990976419,-165.51526555173268,0.31197068000000006,0.05008121999999999,0.13495468,-91.21609692307229,-152.27470260231686,26.33133846537934,-110.55998699346897
155.77225753554478,-153.4349478323153,0.34920984000000005,-0.03895696000000002,0.15239644,56.991811416097946,-153.0064650123159,30.935293897833684,-112.15903479587345
-174.2622652811825,-150.75952115354954,0.39104751000000004,-0.06461532000000003,0.15888894,-81.74389953427031,-151.66856204105608,23.69726521482896,-113.55303324590916
145.73889986913775,-149.4860929963144,0.37105509000000003,-0.02023938000000003,0.20261913,54.73778313977452,-150.34133023821107,28.026326604208784,-114.79061916807272
139.85111881349764,-134.80577661360687,0.29639449,0.020696619999999978,0.17251213,105.7759203040084,-141.00362366344854,31.943207368852214,-115.465180446615
149.6131788482104,-160.4032046329123,0.29993257,-0.03119522000000003,0.15407329,132.0796906625296,-152.6641289811268,36.14145830983815,-117.11729974268151
128.65981087717887,-146.7847474591406,0.40312993,-0.07139678000000003,0.11024335,130.06904173531916,-149.15258069193507,39.53526874184834,-118.2125079273692
158.78203330229837,-138.766386855702,0.36656977,-0.01508234000000002,0.12387403000000001,147.28221261150668,-142.89833861419524,43.743963854681155,-118.88978378591331
-104.5703405550235,-115.2011223299452,0.28131271,-0.11494042000000002,0.09354352,-3.8634221124114276,-126.31995207564522,38.382982216317465,-118.85489006566313
163.59703493691916,-156.80140852435434,0.29182636,-0.11168458000000002,0.09413138,96.61705757718691,-144.60752360887068,42.847285201186466,-120.2016758952761
163.0724898513916,-140.44033092996642,0.27562108,-0.11808370000000001,0.07329602,136.48383482970974,-142.10976764952812,47.10121919005444,-120.926664527159
164.76764774555926,-151.84380754759871,0.26938478,-0.11897158000000001,0.05507334,153.45162805921944,-147.95054674037047,51.26302198723282,-122.02269857593853
162.91294137145934,-158.35250666808946,0.24965695999999998,-0.12154198000000001,0.025342379999999994,159.12052491856338,-154.19275085700187,55.19076610920591,-123.3094909526878
107.13819768729701,-116.5650498731392,0.24742634,-0.11781637,0.03602087999999999,127.93023633180354,-131.61464002268428,57.02792122030255,-123.06720859521181
167.40667299626875,-146.02953017044018,0.20821800999999998,-0.08218553,0.03222729999999999,151.60041499848268,-140.24932177533782,60.905670104338505,-123.847491431137
103.85635391399973,-101.25067999641001,0.20304851,-0.08370453000000001,0.0019697999999999938,122.95191054779292,-116.85074430798113,62.4281922782272,-123.0454742379683
171.86990063614581,-145.49147595421874,0.19758794999999998,-0.07412069000000002,0.011247179999999996,152.30052037680466,-134.0313497597237,66.34359964432105,-123.84044313626693
-147.24348577466054,-166.16218179837298,0.27436647,-0.049987770000000015,0.007995539999999995,-27.395171906074452,-153.30019581491325,58.77960343088353,-125.33074520491041
-127.47617911499732,-156.50143335950116,0.53228007,0.01770390999999999,0.020678419999999996,-87.34061079142816,-155.193861669666,52.386742950724084,-126.37707238694486
152.09157824274354,-140.14670121839345,0.5922258300000001,-0.10531577000000002,0.0380429,56.34268093307486,-146.21477327090247,55.99047340152594,-126.98551280745843
159.98404328640942,-136.0416255375893,0.56959665,-0.10655890000000001,0.0336182,118.5184466730756,-140.11138188291457,59.656718897436384,-127.30797500853623
142.7708886156147,-153.4349478323153,0.58489648,-0.10616123000000001,0.04263903,133.07603177059906,-148.105362384555,62.610762010805225,-128.2316321841184
157.78240860106354,-144.04466546400235,0.62857732,-0.15551599,0.05279785,147.91733020487774,-145.6886861362234,66.00935330117585,-128.83701744989256
-172.95082177259857,-154.42913489627102,0.62892718,-0.15903517,0.05242741,-44.603421037608044,-150.93436306425198,57.60763547999454,-129.7403651681663
-139.34472030859138,170.89266637519705,0.6624534000000001,-0.12941285,0.02460325,-101.43479011219804,42.17370352741742,50.70198310341296,-119.12144862844704
-137.05764558201054,-142.03341537219438,0.6393741900000001,-0.17063963,0.0141127,-122.81773507808555,-68.36705852434966,44.07428504512796,-119.96736416068167
-137.96823367267245,-129.87180776729343,0.6840991500000001,-0.10331656999999998,0.04414354000000001,-131.8901442508377,-105.24297884611593,37.723060225614546,-120.25039358236342
-141.0198509373833,-129.8674443692362,0.6862051700000001,-0.10222057999999998,0.04530400000000001,-137.36712585476505,-120.0172197639881,31.45501866278669,-120.58677696144842
-176.72101371327972,-135.60309005223306,0.6856427900000002,-0.10133374999999997,0.034229440000000014,-160.97968352187385,-129.36838720493506,24.15948468083861,-121.112216924103
142.75521985021663,-138.31778004925766,0.6213053700000002,-0.06949354999999997,0.039232900000000015,21.23552353338043,-134.72528683152862,28.272243183997418,-121.68727526471886
-178.0325979533611,-151.88212927418095,0.5851598900000002,-0.020231889999999975,0.030488780000000014,-98.33980755066447,-144.99968763312,20.965039204700695,-122.70422900730391
151.4152824926715,-138.09405693793863,0.5573004500000003,-0.017268579999999974,0.025102910000000013,51.502102699337115,-140.8551238920112,25.53028392398307,-123.24321807124672
122.54175613109072,-130.30131829549694,0.5178112100000003,0.0022757000000000263,0.013950650000000014,94.11009906238928,-134.51502282210265,28.906095468959975,-123.47283807537576
-158.96248879579477,-128.80358537096384,0.5255512500000002,-0.0028005599999999737,0.019755680000000015,-57.73035763652114,-131.09019085541937,22.275631063797693,-123.66619488635881
173.03653447372824,-121.1188178909972,0.5182096500000003,0.011568690000000027,0.03204803000000002,80.72684098962849,-125.10161937676607,27.607427667349135,-123.56222983635303
152.9044503353756,-133.0694113951535,0.5820405500000003,-0.022082059999999973,0.05343443000000002,124.05893895707675,-129.89575488779855,32.110808123619094,-123.9318216796006
173.97442799982008,-134.68345080276413,0.5853738800000003,-0.016207939999999973,0.04765355000000002,154.00956571472275,-132.7660227887779,37.147001316358384,-124.30769907899501
176.4834555331738,-134.21085068587496,0.5875078300000004,-0.022820839999999974,0.047231450000000015,167.4947531857934,-133.63556468703612,42.09696159887153,-124.66584472129855
-125.32867853750594,-123.217673618135,0.6029592800000004,-0.006590919999999972,0.04501399000000002,-8.193125268186193,-127.37833807769545,36.160224845631525,-124.59881748138758
-162.44645502448455,-154.1408149527964,0.6610557800000004,0.01609328000000003,0.017109190000000017,-100.72188452196521,-143.426750522756,29.154334700521893,-125.62748109816248
-125.97238659014116,-133.7546345753754,0.7671020000000004,0.07832279000000004,-0.00038296999999998596,-115.82976727487078,-137.59858915032765,23.692600548873756,-125.85911510361552
-134.99999961757575,-140.45154999776898,0.7412134100000004,0.07234850000000004,-0.00022273999999998596,-127.34226211649376,-139.31275537479246,17.979603799963385,-126.38801856253576
-141.11550323583265,-136.74531361733588,0.7658993300000004,0.11231934000000005,0.0037367400000000144,-135.5963324200971,-137.7563019843185,12.311031313091004,-126.72016090512923
-145.77518710143022,-138.16036050563068,0.7624744400000004,0.11528272000000005,0.00014182000000001428,-141.70501518489698,-137.9975517451058,6.642539008252794,-127.1273874771619
-177.06432652863054,-142.80243290378823,0.7537588100000004,0.12044095000000005,-0.002297539999999986,-162.92408824313713,-140.87841714831524,0.03025342216823823,-127.68601651331544
162.31153666083895,-137.41950808994537,0.7544232500000004,0.12112912000000005,-0.0057858499999999865,32.217552475248525,-138.80279644529332,5.866828764384244,-128.03550648919492
156.83256828897356,-136.72765403527345,0.7258425300000004,0.14220962000000004,-0.008936829999999986,106.97512967548354,-137.54927879928138,11.258004395002853,-128.32728786518504
151.92751588497214,-136.4687995795954,0.7498606500000005,0.10617110000000003,0.003423770000000017,133.9561686491767,-136.9154066754698,16.325079027207302,-128.65407403941146
153.83145591506053,-136.13317420139117,0.7099515500000004,0.13377945000000002,-0.020084329999999987,145.86537736870702,-136.4350238510226,21.228192123068403,-128.89635988955473
152.86486320671412,-129.36931604724066,0.7185016300000004,0.14237811000000003,-0.06339339999999999,150.06848890351128,-132.19215970475344,25.97303737627622,-128.90520964366496
158.45902695779353,-139.20062109306087,0.7045156300000004,0.15622425000000004,-0.032041449999999985,155.09721733608063,-136.3916980817379,30.725393248077054,-129.26232832170044
128.21102804483616,-112.49831347735585,0.6851928300000004,0.18757690000000005,-0.036098299999999986,138.95777464133394,-122.04312625910867,34.21338031201086,-128.62921196484947
106.5718420329182,-171.40408772517975,0.7138980800000004,0.19136355000000005,-0.026839329999999984,119.5376971762845,-151.65818847875133,36.84747621562877,-130.16646325608153
150.91807597822907,-146.45875129598457,0.6659408000000004,0.23414643000000004,-0.043350369999999985,138.34674154545124,-148.52141301709128,40.909989776353605,-130.71217476222222
135.95484393895651,-126.14958124748972,0.6689228000000005,0.20944553000000005,-0.07662451999999999,136.9127957815544,-135.10819431533034,44.342899878289764,-130.57145793689386
119.44113172646416,-123.88265641440137,0.6409508000000005,0.21874622000000005,-0.09594850999999999,126.41860854850026,-128.36915129877295,47.02482317604852,-130.3213445631114
-166.23049461609324,-171.45815976467247,0.6467783000000005,0.23172989000000005,-0.08911867999999999,-49.16852235025584,-154.21736291031266,39.34173656154676,-131.79210626102795
-175.6599792371527,-168.64088575005607,0.6518239000000005,0.20412189000000006,-0.10035227999999999,-125.06137824239396,-162.8825198141587,31.592577303094554,-133.14780051636953
178.88543977743734,-178.88543595319487,0.6483563800000005,0.23523325000000006,-0.10141179999999998,57.30532556150482,-172.4718249535804,36.90505753249911,-134.76861800561693
21.8014112013241,-85.38934911245966,0.6492327800000005,0.23968098000000007,-0.10373425999999998,36.00332750539639,-120.22056035690795,36.362228599453346,-132.9868998235801
-175.79464296255298,-105.63349894846846,0.6469132600000005,0.23927666000000006,-0.09971233999999998,-91.07638258337323,-111.46848523984426,28.748044280789717,-132.00599384982058
-155.29756956229963,-101.53461922197258,0.6468483700000005,0.23261462000000005,-0.07920709999999999,-129.60912072672906,-105.51083044512124,22.161558621784835,-130.92205614176373
-161.07535542312115,-105.76214636822726,0.6466104400000005,0.23482088000000004,-0.08610707,-148.4889567165643,-105.66073749498486,15.619512073079292,-130.0217988405847
-120.11373264205,-96.97619500663373,0.6468800800000004,0.24039344000000004,-0.06735210999999999,-131.46371441585572,-100.44778297797419,10.72460516789222,-128.82481320743665
26.565052932533206,-84.84441410908298,0.6442928800000004,0.24101714000000005,-0.06889980999999999,-36.647488886822366,-91.08551217663947,11.292913739635026,-127.23939236280309
154.71203458266575,-115.19090189123804,0.6484471000000004,0.17208786000000004,-0.09411086999999999,78.1698868828705,-105.57631771739861,16.453180651023334,-126.87277283044712
160.97439686013968,-113.30120837883422,0.6753243000000004,0.16995622000000005,-0.12013077999999999,127.86334374923202,-110.21210477025997,21.672760940179508,-126.3872123921954
176.34778024804996,-142.5494206851479,0.6494451600000004,0.18762394000000004,-0.1486912,156.94365399252277,-129.60742723119273,27.210505015332068,-126.95154664466195
170.69006280528913,-103.50426310158147,0.6507484200000004,0.16919854000000004,-0.12503029,165.1920205841826,-113.95289891342597,32.36417806328224,-126.12741446756002
120.78414908248538,-150.25511768542788,0.7179463900000005,0.14003633000000004,-0.13410102999999998,138.57417687116424,-135.7458950606271,35.597165975844575,-127.02015448133976
174.14398942419876,-153.55259813924107,0.6588190700000005,0.18551386000000006,-0.13399218,159.89241347498495,-146.41172589579548,40.4932018327618,-127.92493615295247
112.55724912094979,-128.86777630293437,0.6476365700000005,0.16406831000000005,-0.14544802999999998,131.48684186256386,-135.89393436007882,43.06509132159846,-127.97952326507115
122.74977830619036,-121.60750098516246,0.6207937400000005,0.18318923000000004,-0.16320626,126.23386659673977,-127.31442596712901,45.88788415022055,-127.73339892039142
143.024067380443,-137.18054832345553,0.6279246400000006,0.18724573000000003,-0.16391081,136.3108394269617,-133.2324767809249,49.35781514572021,-128.06639058871195
148.13402509498314,-147.46872722864555,0.5892856200000006,0.19788328000000002,-0.19128907,143.38929521977457,-141.7699720295573,52.83383464541829,-128.74632876658535
159.1323824766352,-140.72783422300964,0.4942707000000006,0.24464692000000002,-0.16179499,152.79714160589094,-141.12598388962869,56.515175482288946,-129.126598016506
118.83097085195055,-102.99461537265188,0.4729847500000006,0.26659472,-0.16621444,132.4089247735267,-118.2383836594426,58.70154893714318,-128.18010764758304
160.01689636767128,-130.67493838123306,0.48026251000000064,0.2573592,-0.16425668,148.97661883401344,-125.70401070051687,62.28867806079188,-128.27727703798254
169.1435896190705,-138.53741831277688,0.5767787900000007,0.18888268,-0.17766798,161.11540781704767,-133.4314458758729,66.15704231353077,-128.70593313118215
143.23324770707353,-141.61602790247323,0.6860242900000006,0.12599117999999998,-0.16527098,150.4298099510632,-138.3673516918331,68.99324696980361,-129.22410539974652
-178.4518422878653,-108.05551074524749,0.6796875400000006,0.15367408,-0.13850753000000002,-46.901716092293896,-120.16917396388173,60.19323884334224,-128.44521356488715
170.1341960324669,-128.97442379315333,0.6789562500000006,0.15296637999999999,-0.13956908,83.31953866656258,-125.4526069414447,64.10380981832981,-128.46483887981165
-166.065164767076,-138.1798289996147,0.6507583600000005,0.17092312999999998,-0.15175650000000002,-66.32256254962056,-133.0817574763467,55.885851229292044,-128.79335615723932
121.45025630701502,-143.87328315534532,0.6714223600000006,0.14474872999999996,-0.15768018,46.34939436436078,-139.56714264374588,58.23900646645889,-129.35533996623118
137.47522450986952,-132.1450940316226,0.7538599600000006,0.08905336999999997,-0.12955026,101.05786749166603,-135.1361916204719,61.1405589198464,-129.5085258202568
138.01279020675668,-133.90729630778137,0.8094108400000005,0.05540954999999997,-0.1084615,123.25304147272041,-134.41231196085758,63.93349719210631,-129.697834574686
157.94574516156695,-133.98985047987068,0.8061264400000006,0.05617114999999997,-0.1000601,144.06734992602833,-134.15853043226545,67.28427963308457,-129.8503361548377
165.28034321680843,-149.8644706933124,0.8948451400000006,-0.06395060000000005,-0.08422784999999999,156.83063338049638,-143.63014328889363,70.89693398309458,-130.6866118257515
179.23610459197215,-130.4400487265635,0.9053741900000006,-0.07804405000000006,-0.07578584999999999,170.27812772738184,-135.72172393149555,74.8061025288947,-130.69144621401787
-135.49821123442337,-136.00508486652296,0.8237009900000006,-0.14143780000000006,-0.0768222,-13.22034492970127,-135.91709799251197,67.1753808466544,-130.94349256795573
-162.58202905977373,-145.15905493490894,0.8169774200000006,-0.14563738000000007,-0.07677977999999999,-102.84004483574475,-141.46395198995015,58.94510192175227,-131.45648195287853
155.49259762099257,-119.74488002002664,0.8214182200000006,-0.16118018000000006,-0.07468747999999999,52.16131695829763,-128.43872592799605,62.39553200119748,-131.05356117491522
-16.440378131698708,-59.36458065965073,0.8162053900000007,-0.17095694000000006,-0.07730470999999998,10.998214772299832,-86.99814947098885,59.58294420098772,-128.50997568389218
160.6836500757334,-138.77228249416515,0.8409636900000007,-0.17717938000000005,-0.09413158999999999,100.81937927435996,-118.06511826089464,63.20158364944993,-128.880963741562
169.3803476929897,-143.13010127597542,0.8394091300000007,-0.17601346000000007,-0.09384010999999999,141.9553385015378,-133.1036417019431,66.98306732968156,-129.38761853654407
141.22583179430455,-115.3079774466417,0.8354812900000007,-0.17089324000000006,-0.11343255,141.51606334119785,-122.42419506076226,69.62585609878457,-128.8809145723594
180.00000305939398,-148.76396311824504,0.8532283900000007,-0.16767247000000005,-0.1100365,164.61352601211553,-138.22676758725194,73.57077526327319,-129.58545838273122
169.66109242858965,-121.44871401061778,0.8385237700000008,-0.14090083000000003,-0.10447556,167.636184014,-128.14922678527145,76.97103759322957,-129.27063078975905
-167.90524282020283,-166.60750136758674,0.8215939900000008,-0.13038935000000004,-0.09534461999999999,-33.6954439985217,-151.21998694266063,68.23671626656025,-130.58989121761329
178.1523927776978,-144.3314094573223,0.6891499300000008,-0.015066380000000032,-0.06794528999999999,93.36028044321,-147.04071126345764,72.05123125084536,-130.97168001762356
114.91274900568862,-115.55007333984912,0.6279979300000008,0.01489809999999997,-0.05997200999999999,106.26730078069716,-128.13434271729253,73.53001580563296,-130.3896810904773
124.64957476190853,-113.85837040895615,0.6902469700000008,-0.014647640000000028,0.028214130000000004,117.32156478542397,-119.5805776282907,75.42865979209354,-129.82375466458328
86.58341407373888,-87.76519959257209,0.6904693600000008,-0.0004888100000000253,0.026607980000000003,98.87876331441292,-100.48568727485954,75.8309331107367,-128.2948630252753
141.2276734509527,-121.24324465843628,0.6926936800000008,0.015498489999999978,-0.08073863000000002,124.28899912433678,-112.93382678500558,78.18810056974235,-128.02564167539117
133.03858499253067,-140.5560373230693,0.6408556000000007,0.015401049999999977,-0.10212671000000002,129.51801541325312,-129.5071920838438,80.11581194100923,-128.47761060390417
161.69737666210432,-136.12330157634887,0.6522320700000007,0.03486384999999998,-0.12487965000000004,148.83018275056384,-133.46907265934684,83.06635672161607,-128.73443997770806
179.24615471991677,-129.55966677548807,0.6106487100000008,0.040579209999999984,-0.14336637000000005,167.0631325881756,-131.12114298503155,86.491620716191,-128.75877785254806
145.88552982413717,-148.72019327354286,0.6009651900000008,0.03897760999999998,-0.11039805000000005,154.35269752175253,-141.68121379813834,88.62573429947179,-129.48076028492864
118.81079628236176,-140.7105920387573,0.4217643500000008,0.08863994999999998,-0.16472141000000007,132.9558764421181,-141.07897580650973,89.54246956654916,-129.8382567905234
117.74973110758322,-136.03410640639885,0.5131864500000007,0.09138499999999998,-0.10402000000000006,123.86875808139717,-138.0509561464432,90.6490406775067,-130.05939629393495
175.6430280165207,-146.49923397192993,0.3510377500000007,0.09255889999999999,-0.15001280000000006,154.86846056247128,-143.11945328173525,93.59032828446904,-130.65750550524416
120.113735701444,-140.38931065850073,0.4453385300000007,0.08288573999999999,-0.11753504000000006,134.0533459578549,-141.48523697179454,94.64928163712074,-131.02208258884292
94.95952627113263,-110.22485807334834,0.44747885000000065,0.07218413999999998,-0.13392848000000007,110.59791027382154,-122.73329027272682,94.66286302204074,-130.2743288898294
122.99522701722827,-141.23833159538188,0.4748922500000006,0.07258859999999998,-0.12712007000000008,118.04726567986557,-133.83615328231986,95.71986835082463,-130.67279280158237
-177.76520112226913,-143.80679162200548,0.49595056000000065,0.08071013999999997,-0.12168352000000009,-59.43179107741524,-139.81528767013123,85.82077074670559,-131.14146523267542
127.53943648739914,-159.70242929042763,0.5011585600000007,0.08261973999999997,-0.11662742000000009,52.75302866147338,-151.74680880230906,87.33429696058832,-132.17236228520673
121.07904219374427,-163.94001179150803,0.5112381400000007,0.08216550999999997,-0.1137073700000001,93.7526686128359,-159.06291228782845,88.56046398586996,-133.31793660080902
129.09386151300697,-128.95943361849535,0.48500284000000066,0.10321450999999997,-0.13510357000000012,114.94689023293854,-140.9924054862286,89.99226496806585,-133.14110451608553
173.031746258797,-165.46554403109297,0.5043055500000007,0.08128259999999997,-0.1481619300000001,149.8055249324536,-155.68506137714724,92.98901606053126,-134.32159001556278
152.19854404319426,-133.47922917865952,0.46999785000000066,0.11261739999999998,-0.1655436300000001,151.227613318898,-142.34902813805462,95.07433706727338,-134.2613648979423
132.86027651818216,-153.53969320008468,0.33629337000000065,0.17573499999999997,-0.1953333900000001,140.1537294464685,-149.03818013527265,96.2946097531881,-134.88888741141318
128.530182636814,-142.7764281137233,0.43266307000000065,0.16746729999999999,-0.1797527900000001,133.2181492406758,-145.28443600234306,97.53615278424357,-135.1779841972292
175.30714051392272,-152.0830859452675,0.32550805000000066,0.13417873,-0.1973596100000001,158.42868199662396,-149.37694139609772,100.19786336045404,-135.81121316600579
141.5110221757031,-158.9250398140565,0.17646769000000065,0.15774073,-0.1957531100000001,148.21846996007145,-155.096375646873,101.51973629716284,-136.608484577463
129.77509724924192,-139.39870424510437,0.2828146300000006,0.13506723999999998,-0.14947289000000008,137.19498510957374,-145.68684220181183,102.62235120097044,-136.72921659739362
-174.76613830830456,-156.11872301459186,0.23894808000000062,0.15143827999999998,-0.1531955600000001,-49.99923556115324,-151.93942227347986,92.77870472881241,-137.39868622446247
-175.7171214983566,-158.81042055551052,0.2557978500000006,0.12273526999999998,-0.1385087900000001,-125.42322721547525,-156.07350244669826,83.32233369992922,-138.18193834471498
121.65555157382403,-152.8786956005074,0.1689649500000006,0.15925251999999998,-0.1389938900000001,22.789306898104307,-154.14201143898373,84.60013382882393,-138.66882277326494
149.79108770138026,-151.53246582721113,0.20213235000000063,0.17714955999999998,-0.1304237900000001,99.00364234006989,-152.56912525592017,86.94531205281363,-139.10811325584038
-160.72390098271777,-142.58302278084832,0.20342504000000064,0.17563776999999997,-0.12786032000000008,-56.83236657760269,-146.57806848687704,78.17145433068393,-139.23283311852302
-125.41044782693245,-138.8586792222916,0.3109215200000006,0.26039881,-0.13987232000000008,-97.93621673520056,-141.91253051212578,71.07218197229226,-139.13797336982287
-165.48138986744019,-158.08061626421744,0.2923368000000006,0.25830749,-0.14101500000000008,-138.47075450254434,-151.61421849138077,62.69909787658087,-139.80919988151265
177.4886397708886,-164.78741623724966,0.3084774000000006,0.23552983999999996,-0.16160970000000008,51.11133830151542,-159.5272481989021,66.76570157205617,-140.7128023497703
133.26429807329083,-165.9637556479406,0.1407504000000006,0.24501133999999997,-0.15999270000000007,100.33602336458065,-163.3853600683252,68.9575384561178,-141.59749756302685
147.99461957931862,-155.37643423972906,0.2880700200000006,0.24030964999999996,-0.09564408000000006,128.99010894142344,-158.58188524716752,71.93066147692437,-142.09576810943724
137.85670401702276,-134.99999885272726,0.4195650200000006,0.15089304999999995,-0.028647080000000047,134.36266398678305,-144.46852005050337,74.42071059926604,-141.92779338979926
171.52885835438872,-133.80650941860256,0.4084756200000006,0.16432492999999995,-0.022591520000000045,156.65794484734644,-138.06594091936287,77.89930150013461,-141.62321326499335
-131.45131761351348,-143.35806736745678,0.4912567800000006,0.11713393999999995,-0.010680390000000043,-16.174500165169512,-141.26009318421922,70.45231945795595,-141.73124388865716
-151.37015065677804,-148.0693168600766,0.5417267800000006,0.08366693999999994,0.00654310999999996,-97.27170246013462,-145.35901418973367,62.51351043110978,-141.99189938487197
-159.31047603531684,-139.42381194726588,0.5458078500000006,0.08168537999999995,0.00852466999999996,-134.49333417724395,-141.79868546825298,54.52924040963697,-141.90148877731346
-159.05029835156796,-138.10335820084396,0.5451022500000007,0.08116793999999995,0.01663906999999996,-149.22779492183835,-139.58169608380757,46.83743393567422,-141.76537348184925
-142.24614857382602,-141.59673720668263,0.5491432100000007,0.08075465999999995,0.01707530999999996,-145.03719072903095,-140.79088606953263,40.03809218115804,-141.7598601343689
-136.64834413648006,-140.7105920387573,0.5614959700000006,0.07552341999999995,0.01652580999999996,-139.99894166950043,-140.74480214706745,33.707023209424676,-141.72738428822268
-140.82634169664564,-138.36645954476631,0.5633070100000006,0.07567433999999995,0.01605148999999996,-140.49465726978755,-139.31773621768676,27.460026755946885,-141.60705528461
-141.21182169937492,-138.7395022474378,0.5624955700000006,0.07673371999999995,0.01548798999999996,-140.92528050353997,-138.9703720835374,21.426794284293074,-141.50363028500135
-157.68055941734724,-138.0127863825142,0.5325148500000007,0.09571036999999995,0.010188849999999961,-150.99044013982433,-138.38823000292348,14.985911705442858,-141.36052408218242
-158.76529568528687,-134.8367634539211,0.5362514500000006,0.09346840999999995,0.01058448999999996,-155.65385882710186,-136.25824685752207,8.781051143484813,-141.1297297855671
-151.6000134380394,-136.36392639592125,0.5523707000000007,0.08445870999999995,0.01472638999999996,-153.21510389366438,-136.32525846056157,3.081333555769146,-140.96873193361097
-91.76239027378938,-93.13635686528937,0.5194695100000006,0.09447304999999995,0.01872352999999996,-116.35663619773936,-110.40791176739825,-0.322445577751838,-139.25864897041546
180.00000305939398,-132.6542543003269,0.5051650100000006,0.10113424999999995,0.0025402299999999593,61.451625556540634,-123.75305280715544,6.059431937186465,-139.01811225757737
-129.50310706512585,-129.07763578093068,0.4980691100000006,0.09902934999999995,-0.001192170000000041,-53.12405237645925,-126.94864455142059,1.2523579756030454,-138.6682984613368
-140.1231651982422,-140.98814727939194,0.4928394100000006,0.10280514999999994,0.0026053299999999596,-105.325611949529,-135.3708358682034,-3.7509257415664163,-138.74680834154293
156.1187268388344,-137.2724486048222,0.36458485000000057,0.16738994999999995,-0.034655950000000046,51.489689499489025,-136.48596959017465,1.765366391595017,-138.63262204035695
-169.19560531064158,-136.80399398425877,0.32029816000000055,0.18120794999999995,-0.04299281000000005,-80.93920206258933,-136.67125702662514,-4.313061514513794,-138.55487990100002
-145.51262687683675,-142.26324365503717,0.25371192000000053,0.19946772999999995,-0.04830007000000005,-119.70989144713778,-140.01914509167236,-9.368146424298374,-138.6684858411711
167.03291896607436,-145.3636907632483,0.21556920000000054,0.19791540999999996,-0.10507063000000005,52.32053771278951,-143.22649342261792,-3.122726805612457,-138.90860305732528
139.68044633499898,-160.6410048949379,0.21316827000000055,0.22096899999999997,-0.12556012000000005,104.73552251411519,-153.6659788700099,1.9629147781821454,-139.66084655516298
121.8053314898342,-112.30620371477585,0.24902661000000056,0.16655568999999995,-0.10772482000000005,114.99175123554659,-128.87187910086948,6.3198997175477025,-138.72685152068723
157.73942065364656,-146.86149830684644,0.24025456000000056,0.17311608999999994,-0.10553802000000005,140.63684406640658,-139.66302646445564,11.782798939907362,-139.01462646182102
-85.17923311609046,-84.44702739007528,0.20810041000000057,0.18277419999999994,-0.11090100000000006,5.134336096908363,-106.52956377582743,8.247914541215561,-137.03361755731856
168.061852463435,-131.76029852909312,0.17751657000000057,0.22623180999999995,-0.10650227000000005,102.87861238082435,-121.65062158378684,13.987656455474452,-136.8015010159363
175.1009105639722,-115.41300482284734,0.18825807000000055,0.20424060999999996,-0.13202777000000004,146.21628789071306,-117.91684800722314,19.809403092345878,-136.0513416039614
143.45503042600075,-108.91873626575949,0.18834683000000055,0.20854546999999996,-0.13524532000000006,144.55956891588568,-112.51625901834495,24.26005543905869,-135.0706878001199
163.11321179194067,-103.08140079552717,0.18995403000000055,0.19391994999999995,-0.11754316000000006,155.69239752151867,-106.86119429265429,29.255482989787534,-133.93441246693956
-136.6135385641693,-109.96021432025526,0.20355993000000056,0.15799944999999996,-0.09102436000000005,-19.6857217698941,-108.73497450921488,23.306356040758953,-133.1074085079024
-121.15202188073125,-110.46918827673883,0.20488363000000057,0.15394154999999995,-0.09829386000000005,-80.56497235639638,-109.77712592972925,18.128410428015034,-132.2998033172175
-167.7748772203713,-118.39301813297888,0.20349133000000055,0.15430568999999997,-0.09797256000000006,-132.89147219478133,-114.94651559567902,11.480756647276138,-131.80238243250216
-178.18744729908076,-125.80898473019889,0.23242975000000055,0.12037640999999996,-0.08670564000000006,-160.057481889361,-121.47756878839094,4.7455932438674955,-131.62150788312246
154.7344440267364,-137.08004510069662,0.22405453000000056,0.13166474999999997,-0.09544500000000006,28.81432357229744,-130.83453923977436,10.072433818473215,-131.80488974788278
179.2510812702056,-144.78240596766852,0.23815477000000057,0.10179329999999998,-0.11080419000000005,119.08201828704232,-139.21520785651086,16.10296952002546,-132.29537819093522
154.7988791997518,-151.91501843249333,0.22630125000000056,0.10806011999999998,-0.11231017000000006,140.50739342666802,-146.83258747410034,21.034234851739356,-132.9886568069038
145.3345054314894,-135.86805030984976,0.23632413000000058,0.12661123999999999,-0.11149691000000006,143.40766978156086,-140.24644472755,25.466580476085706,-133.0733367400039
135.61276840444123,-145.89222961282766,0.12027813000000057,0.19142508,-0.12649693000000006,138.68431055528907,-143.6079901227166,29.26508081422379,-133.46604221422186
136.78991330042703,-146.01047885330138,-0.011338669999999468,0.27665148,-0.16322621000000007,137.49502548237186,-145.01539280106746,32.9464415527101,-133.82825225804834
168.3885165368274,-128.7365081851636,0.03246523000000054,0.24942666,-0.15005291000000007,156.0486416750452,-135.25895195952512,37.77619185707228,-133.67465598788883
138.5395618756,-142.86402371505778,0.13297942000000054,0.19319894999999998,-0.09821567000000006,145.58339947137807,-139.84448609684472,41.427099076556246,-134.05312728294948
139.7764250860842,-129.13749498421134,0.09970093000000055,0.23788842,-0.11883179000000006,142.08590344420173,-133.40241564126467,44.856731800156865,-133.83710913301928
-154.960215467528,-155.6506436877342,0.14203861000000056,0.21388822,-0.10385655000000006,-36.124832830836105,-146.7609525491464,37.86813951644953,-134.62778068584248
144.43615055882435,-153.76805907906754,0.01333101000000056,0.33086886000000004,-0.14202335000000008,72.16027416296016,-150.91842421109908,41.50229356337495,-135.19007765156138
-167.94600822065243,-153.9143992351864,0.02729069000000056,0.32104198000000006,-0.14886543000000008,-71.89791139520739,-152.71993997755146,34.1247492667245,-135.86043843532937
173.0528312313951,-156.80140852435434,0.027264020000000562,0.32224213000000007,-0.14878542000000008,75.07252351275409,-155.16834104563318,39.057432094966614,-136.60295730527864
